<?xml version="1.0" encoding="UTF-8"?>
<GenRun Id="impl_1" LaunchPart="xc7z010clg400-3" LaunchTime="1556470489">
  <File Type="BITSTR-BMM" Name="IFID_bd.bmm"/>
  <File Type="OPT-METHODOLOGY-DRC" Name="IFID_methodology_drc_opted.rpt"/>
  <File Type="INIT-TIMING" Name="IFID_timing_summary_init.rpt"/>
  <File Type="ROUTE-PWR" Name="IFID_power_routed.rpt"/>
  <File Type="PA-TCL" Name="IFID.tcl"/>
  <File Type="OPT-TIMING" Name="IFID_timing_summary_opted.rpt"/>
  <File Type="OPT-DCP" Name="IFID_opt.dcp"/>
  <File Type="ROUTE-PWR-SUM" Name="IFID_power_summary_routed.pb"/>
  <File Type="REPORTS-TCL" Name="IFID_reports.tcl"/>
  <File Type="OPT-DRC" Name="IFID_drc_opted.rpt"/>
  <File Type="OPT-HWDEF" Name="IFID.hwdef"/>
  <File Type="PWROPT-DCP" Name="IFID_pwropt.dcp"/>
  <File Type="PWROPT-DRC" Name="IFID_drc_pwropted.rpt"/>
  <File Type="PWROPT-TIMING" Name="IFID_timing_summary_pwropted.rpt"/>
  <File Type="PLACE-DCP" Name="IFID_placed.dcp"/>
  <File Type="PLACE-IO" Name="IFID_io_placed.rpt"/>
  <File Type="PLACE-CLK" Name="IFID_clock_utilization_placed.rpt"/>
  <File Type="PLACE-UTIL" Name="IFID_utilization_placed.rpt"/>
  <File Type="PLACE-UTIL-PB" Name="IFID_utilization_placed.pb"/>
  <File Type="PLACE-CTRL" Name="IFID_control_sets_placed.rpt"/>
  <File Type="PLACE-SIMILARITY" Name="IFID_incremental_reuse_placed.rpt"/>
  <File Type="PLACE-PRE-SIMILARITY" Name="IFID_incremental_reuse_pre_placed.rpt"/>
  <File Type="BG-BGN" Name="IFID.bgn"/>
  <File Type="PLACE-TIMING" Name="IFID_timing_summary_placed.rpt"/>
  <File Type="POSTPLACE-PWROPT-DCP" Name="IFID_postplace_pwropt.dcp"/>
  <File Type="BG-BIN" Name="IFID.bin"/>
  <File Type="POSTPLACE-PWROPT-TIMING" Name="IFID_timing_summary_postplace_pwropted.rpt"/>
  <File Type="PHYSOPT-DCP" Name="IFID_physopt.dcp"/>
  <File Type="PHYSOPT-DRC" Name="IFID_drc_physopted.rpt"/>
  <File Type="BITSTR-MSK" Name="IFID.msk"/>
  <File Type="PHYSOPT-TIMING" Name="IFID_timing_summary_physopted.rpt"/>
  <File Type="ROUTE-ERROR-DCP" Name="IFID_routed_error.dcp"/>
  <File Type="ROUTE-DCP" Name="IFID_routed.dcp"/>
  <File Type="ROUTE-BLACKBOX-DCP" Name="IFID_routed_bb.dcp"/>
  <File Type="ROUTE-DRC" Name="IFID_drc_routed.rpt"/>
  <File Type="ROUTE-DRC-PB" Name="IFID_drc_routed.pb"/>
  <File Type="BITSTR-LTX" Name="debug_nets.ltx"/>
  <File Type="BITSTR-LTX" Name="IFID.ltx"/>
  <File Type="ROUTE-DRC-RPX" Name="IFID_drc_routed.rpx"/>
  <File Type="BITSTR-MMI" Name="IFID.mmi"/>
  <File Type="ROUTE-METHODOLOGY-DRC" Name="IFID_methodology_drc_routed.rpt"/>
  <File Type="ROUTE-METHODOLOGY-DRC-RPX" Name="IFID_methodology_drc_routed.rpx"/>
  <File Type="BITSTR-SYSDEF" Name="IFID.sysdef"/>
  <File Type="ROUTE-METHODOLOGY-DRC-PB" Name="IFID_methodology_drc_routed.pb"/>
  <File Type="ROUTE-PWR-RPX" Name="IFID_power_routed.rpx"/>
  <File Type="ROUTE-STATUS" Name="IFID_route_status.rpt"/>
  <File Type="ROUTE-STATUS-PB" Name="IFID_route_status.pb"/>
  <File Type="ROUTE-TIMINGSUMMARY" Name="IFID_timing_summary_routed.rpt"/>
  <File Type="ROUTE-TIMING-PB" Name="IFID_timing_summary_routed.pb"/>
  <File Type="ROUTE-TIMING-RPX" Name="IFID_timing_summary_routed.rpx"/>
  <File Type="ROUTE-SIMILARITY" Name="IFID_incremental_reuse_routed.rpt"/>
  <File Type="ROUTE-CLK" Name="IFID_clock_utilization_routed.rpt"/>
  <File Type="ROUTE-BUS-SKEW" Name="IFID_bus_skew_routed.rpt"/>
  <File Type="ROUTE-BUS-SKEW-PB" Name="IFID_bus_skew_routed.pb"/>
  <File Type="ROUTE-BUS-SKEW-RPX" Name="IFID_bus_skew_routed.rpx"/>
  <File Type="POSTROUTE-PHYSOPT-DCP" Name="IFID_postroute_physopt.dcp"/>
  <File Type="POSTROUTE-PHYSOPT-BLACKBOX-DCP" Name="IFID_postroute_physopt_bb.dcp"/>
  <File Type="POSTROUTE-PHYSOPT-TIMING" Name="IFID_timing_summary_postroute_physopted.rpt"/>
  <File Type="POSTROUTE-PHYSOPT-TIMING-PB" Name="IFID_timing_summary_postroute_physopted.pb"/>
  <File Type="POSTROUTE-PHYSOPT-TIMING-RPX" Name="IFID_timing_summary_postroute_physopted.rpx"/>
  <File Type="POSTROUTE-PHYSOPT-BUS-SKEW" Name="IFID_bus_skew_postroute_physopted.rpt"/>
  <File Type="POSTROUTE-PHYSOPT-BUS-SKEW-PB" Name="IFID_bus_skew_postroute_physopted.pb"/>
  <File Type="BG-BIT" Name="IFID.bit"/>
  <File Type="POSTROUTE-PHYSOPT-BUS-SKEW-RPX" Name="IFID_bus_skew_postroute_physopted.rpx"/>
  <File Type="BITSTR-RBT" Name="IFID.rbt"/>
  <File Type="BITSTR-NKY" Name="IFID.nky"/>
  <File Type="BG-DRC" Name="IFID.drc"/>
  <File Type="RDI-RDI" Name="IFID.vdi"/>
  <File Type="WBT-USG" Name="usage_statistics_webtalk.html"/>
  <FileSet Name="sources" Type="DesignSrcs" RelSrcDir="$PSRCDIR/sources_1">
    <Filter Type="Srcs"/>
    <File Path="$PSRCDIR/sources_1/new/lab5.v">
      <FileInfo>
        <Attr Name="UsedIn" Val="synthesis"/>
        <Attr Name="UsedIn" Val="implementation"/>
        <Attr Name="UsedIn" Val="simulation"/>
      </FileInfo>
    </File>
    <Config>
      <Option Name="DesignMode" Val="RTL"/>
      <Option Name="TopModule" Val="IFID"/>
      <Option Name="TopAutoSet" Val="TRUE"/>
    </Config>
  </FileSet>
  <FileSet Name="constrs_in" Type="Constrs" RelSrcDir="$PSRCDIR/constrs_1">
    <Filter Type="Constrs"/>
    <Config>
      <Option Name="ConstrsType" Val="XDC"/>
    </Config>
  </FileSet>
  <FileSet Name="utils" Type="Utils" RelSrcDir="$PSRCDIR/utils_1">
    <Filter Type="Utils"/>
    <Config>
      <Option Name="TopAutoSet" Val="TRUE"/>
    </Config>
  </FileSet>
  <Strategy Version="1" Minor="2">
    <StratHandle Name="Vivado Implementation Defaults" Flow="Vivado Implementation 2018">
      <Desc>Default settings for Implementation.</Desc>
    </StratHandle>
    <Step Id="init_design"/>
    <Step Id="opt_design"/>
    <Step Id="power_opt_design"/>
    <Step Id="place_design"/>
    <Step Id="post_place_power_opt_design"/>
    <Step Id="phys_opt_design"/>
    <Step Id="route_design"/>
    <Step Id="post_route_phys_opt_design"/>
    <Step Id="write_bitstream"/>
  </Strategy>
</GenRun>
